id,title,image,thumb
69,BP Super Soccer,https://procon.pcn.club/thumb-69,https://pcn-club.github.io/pcn_kids_procon/procon2022/thumb/69.png
70,Cyber City YOKOHAMA,https://procon.pcn.club/thumb-70,https://pcn-club.github.io/pcn_kids_procon/procon2022/thumb/70.png
71,SDGsで絵合わせ,https://procon.pcn.club/thumb-71,https://pcn-club.github.io/pcn_kids_procon/procon2022/thumb/71.png
72,悪い魔法使いを倒せ,https://procon.pcn.club/thumb-72,https://pcn-club.github.io/pcn_kids_procon/procon2022/thumb/72.png
73,読書メーカー,https://procon.pcn.club/thumb-73,https://pcn-club.github.io/pcn_kids_procon/procon2022/thumb/73.png
74,村での生活ゲーム,https://procon.pcn.club/thumb-74,https://pcn-club.github.io/pcn_kids_procon/procon2022/thumb/74.png
75,Samsung vs iPhone,https://procon.pcn.club/thumb-75,https://pcn-club.github.io/pcn_kids_procon/procon2022/thumb/75.png
76,タイムタイピング,https://procon.pcn.club/thumb-76,https://pcn-club.github.io/pcn_kids_procon/procon2022/thumb/76.png
77,世界のハザマのプラットフォーマー,https://procon.pcn.club/thumb-77,https://pcn-club.github.io/pcn_kids_procon/procon2022/thumb/77.png
78,タイミングゲーム,https://procon.pcn.club/thumb-78,https://pcn-club.github.io/pcn_kids_procon/procon2022/thumb/78.png
79,トランプ弾幕,https://procon.pcn.club/thumb-79,https://pcn-club.github.io/pcn_kids_procon/procon2022/thumb/79.png
80,Happy Thidingyut,https://procon.pcn.club/thumb-80,https://pcn-club.github.io/pcn_kids_procon/procon2022/thumb/80.png
81,Merry Christmas,https://procon.pcn.club/thumb-81,https://pcn-club.github.io/pcn_kids_procon/procon2022/thumb/81.png
82,インセキヲヨケロ,https://procon.pcn.club/thumb-82,https://pcn-club.github.io/pcn_kids_procon/procon2022/thumb/82.png
83,ソードファイタ―ズ,https://procon.pcn.club/thumb-83,https://pcn-club.github.io/pcn_kids_procon/procon2022/thumb/83.png
84,地獄弾幕,https://procon.pcn.club/thumb-84,https://pcn-club.github.io/pcn_kids_procon/procon2022/thumb/84.png
86,Platformer,https://procon.pcn.club/thumb-86,https://pcn-club.github.io/pcn_kids_procon/procon2022/thumb/86.png
87,水筒の残量が一目でわかるはかり,https://procon.pcn.club/thumb-87,https://pcn-club.github.io/pcn_kids_procon/procon2022/thumb/87.png
88,アナウンスロボット　ぼうちゃん！,https://procon.pcn.club/thumb-88,https://pcn-club.github.io/pcn_kids_procon/procon2022/thumb/88.png
89,Blast off Rocket Simulator,https://procon.pcn.club/thumb-89,https://pcn-club.github.io/pcn_kids_procon/procon2022/thumb/89.png
90,RPGゲーム,https://procon.pcn.club/thumb-90,https://pcn-club.github.io/pcn_kids_procon/procon2022/thumb/90.png
92,ぼうにんげんのめいろ,https://procon.pcn.club/thumb-92,https://pcn-club.github.io/pcn_kids_procon/procon2022/thumb/92.png
93,パフェメーカー,https://procon.pcn.club/thumb-93,https://pcn-club.github.io/pcn_kids_procon/procon2022/thumb/93.png
94,未知との遭遇,https://procon.pcn.club/thumb-94,https://pcn-club.github.io/pcn_kids_procon/procon2022/thumb/94.png
95,落下でスロー,https://procon.pcn.club/thumb-95,https://pcn-club.github.io/pcn_kids_procon/procon2022/thumb/95.png
96,荷物お届けします,https://procon.pcn.club/thumb-96,https://pcn-club.github.io/pcn_kids_procon/procon2022/thumb/96.png
97,Searching for the Amazing Magical Dragon,https://procon.pcn.club/thumb-97,https://pcn-club.github.io/pcn_kids_procon/procon2022/thumb/97.png
98,机のち箱,https://procon.pcn.club/thumb-98,https://pcn-club.github.io/pcn_kids_procon/procon2022/thumb/98.png
99,Hops,https://procon.pcn.club/thumb-99,https://pcn-club.github.io/pcn_kids_procon/procon2022/thumb/99.png
100,ヘリコプターでねこをつかまえようゲーム,https://procon.pcn.club/thumb-100,https://pcn-club.github.io/pcn_kids_procon/procon2022/thumb/100.png
101,いちごジャム,https://procon.pcn.club/thumb-101,https://pcn-club.github.io/pcn_kids_procon/procon2022/thumb/101.png
102,シューティング　アタック,https://procon.pcn.club/thumb-102,https://pcn-club.github.io/pcn_kids_procon/procon2022/thumb/102.png
103,いちごジャム,https://procon.pcn.club/thumb-103,https://pcn-club.github.io/pcn_kids_procon/procon2022/thumb/103.png
104,楽いジャム,https://procon.pcn.club/thumb-104,https://pcn-club.github.io/pcn_kids_procon/procon2022/thumb/104.png
105,数字画バグッタ画面　,https://procon.pcn.club/thumb-105,https://pcn-club.github.io/pcn_kids_procon/procon2022/thumb/105.png
106,いちごじゃむ,https://procon.pcn.club/thumb-106,https://pcn-club.github.io/pcn_kids_procon/procon2022/thumb/106.png
107,3びょうれんだけーむかいぞう,https://procon.pcn.club/thumb-107,https://pcn-club.github.io/pcn_kids_procon/procon2022/thumb/107.png
108,英単語クイズ,https://procon.pcn.club/thumb-108,https://pcn-club.github.io/pcn_kids_procon/procon2022/thumb/108.png
109,２つのゲームを遊びつくせ！,https://procon.pcn.club/thumb-109,https://pcn-club.github.io/pcn_kids_procon/procon2022/thumb/109.png
110,湾岸戦争の軽いクイズ,https://procon.pcn.club/thumb-110,https://pcn-club.github.io/pcn_kids_procon/procon2022/thumb/110.png
111,避けて、撃ってコウモリ倒せ！,https://procon.pcn.club/thumb-111,https://pcn-club.github.io/pcn_kids_procon/procon2022/thumb/111.png
112,惑星からの脱出,https://procon.pcn.club/thumb-112,https://pcn-club.github.io/pcn_kids_procon/procon2022/thumb/112.png
113,Muni - Storytelling Community Building app,https://procon.pcn.club/thumb-113,https://pcn-club.github.io/pcn_kids_procon/procon2022/thumb/113.png
114,mobile ＆computer correspondence　Darkness Platformer!!Ver2.8　スマホpc対応暗闇プラットフォーマー!!Ver2.8,https://procon.pcn.club/thumb-114,https://pcn-club.github.io/pcn_kids_procon/procon2022/thumb/114.png
115,音声認識機能付きプラネタリウム傘,https://procon.pcn.club/thumb-115,https://pcn-club.github.io/pcn_kids_procon/procon2022/thumb/115.png
116,Me in 2050,https://procon.pcn.club/thumb-116,https://pcn-club.github.io/pcn_kids_procon/procon2022/thumb/116.png
117,My_Word_Book,https://procon.pcn.club/thumb-117,https://pcn-club.github.io/pcn_kids_procon/procon2022/thumb/117.png
118,スイッチを押すまでタイマーが止まらない,https://procon.pcn.club/thumb-118,https://pcn-club.github.io/pcn_kids_procon/procon2022/thumb/118.png
119,ストレス発散 『ひよこ？物語』,https://procon.pcn.club/thumb-119,https://pcn-club.github.io/pcn_kids_procon/procon2022/thumb/119.png
120,ジャンケン脳トレ,https://procon.pcn.club/thumb-120,https://pcn-club.github.io/pcn_kids_procon/procon2022/thumb/120.png
121,海を救え,https://procon.pcn.club/thumb-121,https://pcn-club.github.io/pcn_kids_procon/procon2022/thumb/121.png
122,「ネコのアクションゲーム」,https://procon.pcn.club/thumb-122,https://pcn-club.github.io/pcn_kids_procon/procon2022/thumb/122.png
123,謎の家から脱出せよ！,https://procon.pcn.club/thumb-123,https://pcn-club.github.io/pcn_kids_procon/procon2022/thumb/123.png
124,シューティングブロック崩し,https://procon.pcn.club/thumb-124,https://pcn-club.github.io/pcn_kids_procon/procon2022/thumb/124.png
125,コロナになんか負けないぞ！！音楽で楽しく運動,https://procon.pcn.club/thumb-125,https://pcn-club.github.io/pcn_kids_procon/procon2022/thumb/125.png
126,Doodle Framework,https://procon.pcn.club/thumb-126,https://pcn-club.github.io/pcn_kids_procon/procon2022/thumb/126.png
127,自動せん風機,https://procon.pcn.club/thumb-127,https://pcn-club.github.io/pcn_kids_procon/procon2022/thumb/127.png
128,VIB（Very Important Box）,https://procon.pcn.club/thumb-128,https://pcn-club.github.io/pcn_kids_procon/procon2022/thumb/128.png
129,ぶるぶる・マッサージ枕,https://procon.pcn.club/thumb-129,https://pcn-club.github.io/pcn_kids_procon/procon2022/thumb/129.png
130,コケコッコーゲーム,https://procon.pcn.club/thumb-130,https://pcn-club.github.io/pcn_kids_procon/procon2022/thumb/130.png
131,海を守れ寿司屋たち,https://procon.pcn.club/thumb-131,https://pcn-club.github.io/pcn_kids_procon/procon2022/thumb/131.png
132,NINJARUN,https://procon.pcn.club/thumb-132,https://pcn-club.github.io/pcn_kids_procon/procon2022/thumb/132.png
133,プログラミング学習サイト,https://procon.pcn.club/thumb-133,https://pcn-club.github.io/pcn_kids_procon/procon2022/thumb/133.png
134,いろいろなドローンで祖父の田んぼをジャンボタニシから守れ!,https://procon.pcn.club/thumb-134,https://pcn-club.github.io/pcn_kids_procon/procon2022/thumb/134.png
135,レジ,https://procon.pcn.club/thumb-135,https://pcn-club.github.io/pcn_kids_procon/procon2022/thumb/135.png
136,ヒットパスゲーム,https://procon.pcn.club/thumb-136,https://pcn-club.github.io/pcn_kids_procon/procon2022/thumb/136.png
137,宝箱大作戦,https://procon.pcn.club/thumb-137,https://pcn-club.github.io/pcn_kids_procon/procon2022/thumb/137.png
138,シマワタリ,https://procon.pcn.club/thumb-138,https://pcn-club.github.io/pcn_kids_procon/procon2022/thumb/138.png
139,モニター付き電車シュミレーター,https://procon.pcn.club/thumb-139,https://pcn-club.github.io/pcn_kids_procon/procon2022/thumb/139.png
140,キャンプ クエスト,https://procon.pcn.club/thumb-140,https://pcn-club.github.io/pcn_kids_procon/procon2022/thumb/140.png
141,禁煙喫煙装置 Ver.1.4,https://procon.pcn.club/thumb-141,https://pcn-club.github.io/pcn_kids_procon/procon2022/thumb/141.png
142,クルクルそうめん Ver2.0,https://procon.pcn.club/thumb-142,https://pcn-club.github.io/pcn_kids_procon/procon2022/thumb/142.png
143,おばあちゃん　お風呂あふれず　オブナイズ,https://procon.pcn.club/thumb-143,https://pcn-club.github.io/pcn_kids_procon/procon2022/thumb/143.png
144,コロナ防衛軍,https://procon.pcn.club/thumb-144,https://pcn-club.github.io/pcn_kids_procon/procon2022/thumb/144.png
145,的当て！反射神経ゲーム！！,https://procon.pcn.club/thumb-145,https://pcn-club.github.io/pcn_kids_procon/procon2022/thumb/145.png
146,イロヌリゲーム,https://procon.pcn.club/thumb-146,https://pcn-club.github.io/pcn_kids_procon/procon2022/thumb/146.png
147,ケシカ吸うくん,https://procon.pcn.club/thumb-147,https://pcn-club.github.io/pcn_kids_procon/procon2022/thumb/147.png
149,お財布交番,https://procon.pcn.club/thumb-149,https://pcn-club.github.io/pcn_kids_procon/procon2022/thumb/149.png
150,斬る,https://procon.pcn.club/thumb-150,https://pcn-club.github.io/pcn_kids_procon/procon2022/thumb/150.png
151,SDGｓクイズ,https://procon.pcn.club/thumb-151,https://pcn-club.github.io/pcn_kids_procon/procon2022/thumb/151.png
152,伝説の格闘ゲーム,https://procon.pcn.club/thumb-152,https://pcn-club.github.io/pcn_kids_procon/procon2022/thumb/152.png
153,ピンポンゲーム,https://procon.pcn.club/thumb-153,https://pcn-club.github.io/pcn_kids_procon/procon2022/thumb/153.png
154,緑を集める,https://procon.pcn.club/thumb-154,https://pcn-club.github.io/pcn_kids_procon/procon2022/thumb/154.png
155,フグをやっつけろ,https://procon.pcn.club/thumb-155,https://pcn-club.github.io/pcn_kids_procon/procon2022/thumb/155.png
156,黒黒ゲームズ,https://procon.pcn.club/thumb-156,https://pcn-club.github.io/pcn_kids_procon/procon2022/thumb/156.png
157,食べ食べファイター　Branda,https://procon.pcn.club/thumb-157,https://pcn-club.github.io/pcn_kids_procon/procon2022/thumb/157.png
158,逃げるゲーム,https://procon.pcn.club/thumb-158,https://pcn-club.github.io/pcn_kids_procon/procon2022/thumb/158.png
159,スペースファイター6,https://procon.pcn.club/thumb-159,https://pcn-club.github.io/pcn_kids_procon/procon2022/thumb/159.png
160,ワクチン接種ゲーム,https://procon.pcn.club/thumb-160,https://pcn-club.github.io/pcn_kids_procon/procon2022/thumb/160.png
161,壁を潜り抜けろ,https://procon.pcn.club/thumb-161,https://pcn-club.github.io/pcn_kids_procon/procon2022/thumb/161.png
162,ダンマクスリンガー,https://procon.pcn.club/thumb-162,https://pcn-club.github.io/pcn_kids_procon/procon2022/thumb/162.png
163,Reduce Waste -with friends,https://procon.pcn.club/thumb-163,https://pcn-club.github.io/pcn_kids_procon/procon2022/thumb/163.png
164,ToDo管理アプリ,https://procon.pcn.club/thumb-164,https://pcn-club.github.io/pcn_kids_procon/procon2022/thumb/164.png
165,料理SNS,https://procon.pcn.club/thumb-165,https://pcn-club.github.io/pcn_kids_procon/procon2022/thumb/165.png
166,消費電力計算アプリ,https://procon.pcn.club/thumb-166,https://pcn-club.github.io/pcn_kids_procon/procon2022/thumb/166.png
167,漢字クイズ,https://procon.pcn.club/thumb-167,https://pcn-club.github.io/pcn_kids_procon/procon2022/thumb/167.png
168,逃げ逃げゲームズ,https://procon.pcn.club/thumb-168,https://pcn-club.github.io/pcn_kids_procon/procon2022/thumb/168.png
169,雪だるまになる前によけろ！,https://procon.pcn.club/thumb-169,https://pcn-club.github.io/pcn_kids_procon/procon2022/thumb/169.png
170,Dodgeshapes,https://procon.pcn.club/thumb-170,https://pcn-club.github.io/pcn_kids_procon/procon2022/thumb/170.png
171,TeachableMachine-Scraper,https://procon.pcn.club/thumb-171,https://pcn-club.github.io/pcn_kids_procon/procon2022/thumb/171.png
172,数順合わせ,https://procon.pcn.club/thumb-172,https://pcn-club.github.io/pcn_kids_procon/procon2022/thumb/172.png
173,対戦ゲーム,https://procon.pcn.club/thumb-173,https://pcn-club.github.io/pcn_kids_procon/procon2022/thumb/173.png
174,自宅でドリンクバー！,https://procon.pcn.club/thumb-174,https://pcn-club.github.io/pcn_kids_procon/procon2022/thumb/174.png
175,コロナ弾幕ゲーム,https://procon.pcn.club/thumb-175,https://pcn-club.github.io/pcn_kids_procon/procon2022/thumb/175.png
176,MATHEMATIC CHESS,https://procon.pcn.club/thumb-176,https://pcn-club.github.io/pcn_kids_procon/procon2022/thumb/176.png
177,カッパ君の戦い,https://procon.pcn.club/thumb-177,https://pcn-club.github.io/pcn_kids_procon/procon2022/thumb/177.png
178,A.LASER,https://procon.pcn.club/thumb-178,https://pcn-club.github.io/pcn_kids_procon/procon2022/thumb/178.png
179,トウボウチュウ！,https://procon.pcn.club/thumb-179,https://pcn-club.github.io/pcn_kids_procon/procon2022/thumb/179.png
180,バッター版　ハルマの野球ゲーム,https://procon.pcn.club/thumb-180,https://pcn-club.github.io/pcn_kids_procon/procon2022/thumb/180.png
181,ペット型ロボット「さまっと」,https://procon.pcn.club/thumb-181,https://pcn-club.github.io/pcn_kids_procon/procon2022/thumb/181.png
182,魚釣りゲーム,https://procon.pcn.club/thumb-182,https://pcn-club.github.io/pcn_kids_procon/procon2022/thumb/182.png
183,現実シリーズ5.X　駅乗降客シミュレーター,https://procon.pcn.club/thumb-183,https://pcn-club.github.io/pcn_kids_procon/procon2022/thumb/183.png
184,射的！,https://procon.pcn.club/thumb-184,https://pcn-club.github.io/pcn_kids_procon/procon2022/thumb/184.png
185,デジタル漫画,https://procon.pcn.club/thumb-185,https://pcn-club.github.io/pcn_kids_procon/procon2022/thumb/185.png
186,Trick or Treating during Halloween,https://procon.pcn.club/thumb-186,https://pcn-club.github.io/pcn_kids_procon/procon2022/thumb/186.png
187,パートナーロボット・オトモ　小鳥タイプ,https://procon.pcn.club/thumb-187,https://pcn-club.github.io/pcn_kids_procon/procon2022/thumb/187.png
188,とびだしぼうや２.０,https://procon.pcn.club/thumb-188,https://pcn-club.github.io/pcn_kids_procon/procon2022/thumb/188.png
189,七夕飾りを探してみよう!!,https://procon.pcn.club/thumb-189,https://pcn-club.github.io/pcn_kids_procon/procon2022/thumb/189.png
190,カーボール,https://procon.pcn.club/thumb-190,https://pcn-club.github.io/pcn_kids_procon/procon2022/thumb/190.png
191,動画AA化プログラム,https://procon.pcn.club/thumb-191,https://pcn-club.github.io/pcn_kids_procon/procon2022/thumb/191.png
192,あっち向いてホイッ,https://procon.pcn.club/thumb-192,https://pcn-club.github.io/pcn_kids_procon/procon2022/thumb/192.png
193,Pianic,https://procon.pcn.club/thumb-193,https://pcn-club.github.io/pcn_kids_procon/procon2022/thumb/193.png
194,プログラクエスト,https://procon.pcn.club/thumb-194,https://pcn-club.github.io/pcn_kids_procon/procon2022/thumb/194.png
195,とんとん相撲,https://procon.pcn.club/thumb-195,https://pcn-club.github.io/pcn_kids_procon/procon2022/thumb/195.png
196,サイコロの出る目の確率,https://procon.pcn.club/thumb-196,https://pcn-club.github.io/pcn_kids_procon/procon2022/thumb/196.png
197,Prosthetic hand legend　～義手伝説～,https://procon.pcn.club/thumb-197,https://pcn-club.github.io/pcn_kids_procon/procon2022/thumb/197.png
198,謎解きゲーム　ヴァージョンアップ,https://procon.pcn.club/thumb-198,https://pcn-club.github.io/pcn_kids_procon/procon2022/thumb/198.png
199,three beats,https://procon.pcn.club/thumb-199,https://pcn-club.github.io/pcn_kids_procon/procon2022/thumb/199.png
200,ブラシビート,https://procon.pcn.club/thumb-200,https://pcn-club.github.io/pcn_kids_procon/procon2022/thumb/200.png
201,Block Breaker,https://procon.pcn.club/thumb-201,https://pcn-club.github.io/pcn_kids_procon/procon2022/thumb/201.png
202,コロナをめぐるぼうけん,https://procon.pcn.club/thumb-202,https://pcn-club.github.io/pcn_kids_procon/procon2022/thumb/202.png
203,タイピングテスト / Typing test,https://procon.pcn.club/thumb-203,https://pcn-club.github.io/pcn_kids_procon/procon2022/thumb/203.png
204,海の中の戦争,https://procon.pcn.club/thumb-204,https://pcn-club.github.io/pcn_kids_procon/procon2022/thumb/204.png
205,猫VSコロナウイルス,https://procon.pcn.club/thumb-205,https://pcn-club.github.io/pcn_kids_procon/procon2022/thumb/205.png
206,ピンチを切り抜けろ,https://procon.pcn.club/thumb-206,https://pcn-club.github.io/pcn_kids_procon/procon2022/thumb/206.png
207,楽しいケーキ作り、くずれないでね！,https://procon.pcn.club/thumb-207,https://pcn-club.github.io/pcn_kids_procon/procon2022/thumb/207.png
208,ミニトマト栽培シミュレーションゲーム,https://procon.pcn.club/thumb-208,https://pcn-club.github.io/pcn_kids_procon/procon2022/thumb/208.png
209,Night Gunfight,https://procon.pcn.club/thumb-209,https://pcn-club.github.io/pcn_kids_procon/procon2022/thumb/209.png
210,四角で遊ぼう,https://procon.pcn.club/thumb-210,https://pcn-club.github.io/pcn_kids_procon/procon2022/thumb/210.png
211,小学生社長ゲーム,https://procon.pcn.club/thumb-211,https://pcn-club.github.io/pcn_kids_procon/procon2022/thumb/211.png
212,まとメモ,https://procon.pcn.club/thumb-212,https://pcn-club.github.io/pcn_kids_procon/procon2022/thumb/212.png
213,Dog life　スキャナー,https://procon.pcn.club/thumb-213,https://pcn-club.github.io/pcn_kids_procon/procon2022/thumb/213.png
214,3x3ベースボール,https://procon.pcn.club/thumb-214,https://pcn-club.github.io/pcn_kids_procon/procon2022/thumb/214.png
215,サッカーPKバトル！,https://procon.pcn.club/thumb-215,https://pcn-club.github.io/pcn_kids_procon/procon2022/thumb/215.png
216,計算おまかせ！ゆび電卓,https://procon.pcn.club/thumb-216,https://pcn-club.github.io/pcn_kids_procon/procon2022/thumb/216.png
217,鬼ごっこ,https://procon.pcn.club/thumb-217,https://pcn-club.github.io/pcn_kids_procon/procon2022/thumb/217.png
218,座標の勉強にもなる。透明人間を探せ。,https://procon.pcn.club/thumb-218,https://pcn-club.github.io/pcn_kids_procon/procon2022/thumb/218.png
219,PaintOnline,https://procon.pcn.club/thumb-219,https://pcn-club.github.io/pcn_kids_procon/procon2022/thumb/219.png
220,Games to avoid attacks（攻撃を避けるゲーム）,https://procon.pcn.club/thumb-220,https://pcn-club.github.io/pcn_kids_procon/procon2022/thumb/220.png
221,プチプチゲーム,https://procon.pcn.club/thumb-221,https://pcn-club.github.io/pcn_kids_procon/procon2022/thumb/221.png
222,number,https://procon.pcn.club/thumb-222,https://pcn-club.github.io/pcn_kids_procon/procon2022/thumb/222.png
223,人が近づいてきたら動く、自動フェイスガード,https://procon.pcn.club/thumb-223,https://pcn-club.github.io/pcn_kids_procon/procon2022/thumb/223.png
224,感染症対策詰め合わせゲート,https://procon.pcn.club/thumb-224,https://pcn-club.github.io/pcn_kids_procon/procon2022/thumb/224.png
225,触れずに楽しく手を除菌！センサーで除菌ジェルを出してくれる恐竜型ロボット,https://procon.pcn.club/thumb-225,https://pcn-club.github.io/pcn_kids_procon/procon2022/thumb/225.png
226,ECO再生エネバトル ver2,https://procon.pcn.club/thumb-226,https://pcn-club.github.io/pcn_kids_procon/procon2022/thumb/226.png
227,後負けジャンケン,https://procon.pcn.club/thumb-227,https://pcn-club.github.io/pcn_kids_procon/procon2022/thumb/227.png
228,マスク自動かんちシステム,https://procon.pcn.club/thumb-228,https://pcn-club.github.io/pcn_kids_procon/procon2022/thumb/228.png
229,短距離走,https://procon.pcn.club/thumb-229,https://pcn-club.github.io/pcn_kids_procon/procon2022/thumb/229.png
230,ミラーオブザスペースインベーダー,https://procon.pcn.club/thumb-230,https://pcn-club.github.io/pcn_kids_procon/procon2022/thumb/230.png
231,聴覚だけで団子屋さんに行こう！,https://procon.pcn.club/thumb-231,https://pcn-club.github.io/pcn_kids_procon/procon2022/thumb/231.png
232,Social Distancing Challenge Online,https://procon.pcn.club/thumb-232,https://pcn-club.github.io/pcn_kids_procon/procon2022/thumb/232.png
233,The 2069 trip of Zayar,https://procon.pcn.club/thumb-233,https://pcn-club.github.io/pcn_kids_procon/procon2022/thumb/233.png
234,日本の神話,https://procon.pcn.club/thumb-234,https://pcn-club.github.io/pcn_kids_procon/procon2022/thumb/234.png
235,Between two Pictures,https://procon.pcn.club/thumb-235,https://pcn-club.github.io/pcn_kids_procon/procon2022/thumb/235.png
236,アルコール検知器,https://procon.pcn.club/thumb-236,https://pcn-club.github.io/pcn_kids_procon/procon2022/thumb/236.png
237,2.7D! シューティングゲーム,https://procon.pcn.club/thumb-237,https://pcn-club.github.io/pcn_kids_procon/procon2022/thumb/237.png
238,オーロラオーケストラ,https://procon.pcn.club/thumb-238,https://pcn-club.github.io/pcn_kids_procon/procon2022/thumb/238.png
239,キャッスルブロックバトル,https://procon.pcn.club/thumb-239,https://pcn-club.github.io/pcn_kids_procon/procon2022/thumb/239.png
240,おもしろサッカー,https://procon.pcn.club/thumb-240,https://pcn-club.github.io/pcn_kids_procon/procon2022/thumb/240.png
241,対戦型神経衰弱　タブレット対応,https://procon.pcn.club/thumb-241,https://pcn-club.github.io/pcn_kids_procon/procon2022/thumb/241.png
242,メッセージインターフォン,https://procon.pcn.club/thumb-242,https://pcn-club.github.io/pcn_kids_procon/procon2022/thumb/242.png
243,プログラムが推理！！　都道府県サーチ,https://procon.pcn.club/thumb-243,https://pcn-club.github.io/pcn_kids_procon/procon2022/thumb/243.png
244,シューティングレーザー,https://procon.pcn.club/thumb-244,https://pcn-club.github.io/pcn_kids_procon/procon2022/thumb/244.png
245,リレーの組分け,https://procon.pcn.club/thumb-245,https://pcn-club.github.io/pcn_kids_procon/procon2022/thumb/245.png
246,楽しく犬とすごせるきれいな部屋を作ろう！,https://procon.pcn.club/thumb-246,https://pcn-club.github.io/pcn_kids_procon/procon2022/thumb/246.png
247,Simple platformer,https://procon.pcn.club/thumb-247,https://pcn-club.github.io/pcn_kids_procon/procon2022/thumb/247.png
248,ScratchでSDGsを学ぼう,https://procon.pcn.club/thumb-248,https://pcn-club.github.io/pcn_kids_procon/procon2022/thumb/248.png
249,目指せ!!　ホームラン王,https://procon.pcn.club/thumb-249,https://pcn-club.github.io/pcn_kids_procon/procon2022/thumb/249.png
250,MAKE 10,https://procon.pcn.club/thumb-250,https://pcn-club.github.io/pcn_kids_procon/procon2022/thumb/250.png
251,どろぼうねこをつかまえろ!!,https://procon.pcn.club/thumb-251,https://pcn-club.github.io/pcn_kids_procon/procon2022/thumb/251.png
252,プレイング・ランド,https://procon.pcn.club/thumb-252,https://pcn-club.github.io/pcn_kids_procon/procon2022/thumb/252.png
253,除菌シューティング,https://procon.pcn.club/thumb-253,https://pcn-club.github.io/pcn_kids_procon/procon2022/thumb/253.png
254,テーブルクリーナー,https://procon.pcn.club/thumb-254,https://pcn-club.github.io/pcn_kids_procon/procon2022/thumb/254.png
255,おおごえ うちゅう,https://procon.pcn.club/thumb-255,https://pcn-club.github.io/pcn_kids_procon/procon2022/thumb/255.png
256,おかしがある時をおしらせしてくれるロボット,https://procon.pcn.club/thumb-256,https://pcn-club.github.io/pcn_kids_procon/procon2022/thumb/256.png
257,Keyをとろう！,https://procon.pcn.club/thumb-257,https://pcn-club.github.io/pcn_kids_procon/procon2022/thumb/257.png
258,SDGs 海中のごみ拾い！！,https://procon.pcn.club/thumb-258,https://pcn-club.github.io/pcn_kids_procon/procon2022/thumb/258.png
259,海の中のゴミをとろう！,https://procon.pcn.club/thumb-259,https://pcn-club.github.io/pcn_kids_procon/procon2022/thumb/259.png
260,四角いブロック大冒険,https://procon.pcn.club/thumb-260,https://pcn-club.github.io/pcn_kids_procon/procon2022/thumb/260.png
261,海のゴミ拾い,https://procon.pcn.club/thumb-261,https://pcn-club.github.io/pcn_kids_procon/procon2022/thumb/261.png
262,Kyoto expedition ~京都を旅しよう~,https://procon.pcn.club/thumb-262,https://pcn-club.github.io/pcn_kids_procon/procon2022/thumb/262.png
263,ジャンプタイピング,https://procon.pcn.club/thumb-263,https://pcn-club.github.io/pcn_kids_procon/procon2022/thumb/263.png
264,化石発掘ゲーム,https://procon.pcn.club/thumb-264,https://pcn-club.github.io/pcn_kids_procon/procon2022/thumb/264.png
265,段差を乗り越える車椅子,https://procon.pcn.club/thumb-265,https://pcn-club.github.io/pcn_kids_procon/procon2022/thumb/265.png
266,ぼうさいサーチ,https://procon.pcn.club/thumb-266,https://pcn-club.github.io/pcn_kids_procon/procon2022/thumb/266.png
267,Music Arcade,https://procon.pcn.club/thumb-267,https://pcn-club.github.io/pcn_kids_procon/procon2022/thumb/267.png
268,マネートレードゲーム,https://procon.pcn.club/thumb-268,https://pcn-club.github.io/pcn_kids_procon/procon2022/thumb/268.png
269,クローンミイ,https://procon.pcn.club/thumb-269,https://pcn-club.github.io/pcn_kids_procon/procon2022/thumb/269.png
270,MorS ~ more stady ~~,https://procon.pcn.club/thumb-270,https://pcn-club.github.io/pcn_kids_procon/procon2022/thumb/270.png
271,くすりでまもれ！,https://procon.pcn.club/thumb-271,https://pcn-club.github.io/pcn_kids_procon/procon2022/thumb/271.png
272,バカラ,https://procon.pcn.club/thumb-272,https://pcn-club.github.io/pcn_kids_procon/procon2022/thumb/272.png
273,MoreSTEM,https://procon.pcn.club/thumb-273,https://pcn-club.github.io/pcn_kids_procon/procon2022/thumb/273.png
274,和風建築ワールド,https://procon.pcn.club/thumb-274,https://pcn-club.github.io/pcn_kids_procon/procon2022/thumb/274.png
275,雨傘物語 ver.β0.2,https://procon.pcn.club/thumb-275,https://pcn-club.github.io/pcn_kids_procon/procon2022/thumb/275.png
276,お花畑でピクニックをするくま,https://procon.pcn.club/thumb-276,https://pcn-club.github.io/pcn_kids_procon/procon2022/thumb/276.png
277,やじるしタイマー,https://procon.pcn.club/thumb-277,https://pcn-club.github.io/pcn_kids_procon/procon2022/thumb/277.png
278,ガーディアン人狼,https://procon.pcn.club/thumb-278,https://pcn-club.github.io/pcn_kids_procon/procon2022/thumb/278.png
279,スライドパズル,https://procon.pcn.club/thumb-279,https://pcn-club.github.io/pcn_kids_procon/procon2022/thumb/279.png
280,BAC MAN,https://procon.pcn.club/thumb-280,https://pcn-club.github.io/pcn_kids_procon/procon2022/thumb/280.png
281,環境RPG Beta,https://procon.pcn.club/thumb-281,https://pcn-club.github.io/pcn_kids_procon/procon2022/thumb/281.png
282,アイアンマン,https://procon.pcn.club/thumb-282,https://pcn-club.github.io/pcn_kids_procon/procon2022/thumb/282.png
283,AR算数モグラ叩き,https://procon.pcn.club/thumb-283,https://pcn-club.github.io/pcn_kids_procon/procon2022/thumb/283.png
284,おこづかい管理アプリ,https://procon.pcn.club/thumb-284,https://pcn-club.github.io/pcn_kids_procon/procon2022/thumb/284.png
285,おしゃべり,https://procon.pcn.club/thumb-285,https://pcn-club.github.io/pcn_kids_procon/procon2022/thumb/285.png
286,漫才ショーをしまショー,https://procon.pcn.club/thumb-286,https://pcn-club.github.io/pcn_kids_procon/procon2022/thumb/286.png
287,ファミレスシュミレーションゲーム,https://procon.pcn.club/thumb-287,https://pcn-club.github.io/pcn_kids_procon/procon2022/thumb/287.png
288,水の見はり番　スイちゃん,https://procon.pcn.club/thumb-288,https://pcn-club.github.io/pcn_kids_procon/procon2022/thumb/288.png
289,SUIREN,https://procon.pcn.club/thumb-289,https://pcn-club.github.io/pcn_kids_procon/procon2022/thumb/289.png
290,人を癒すロボット,https://procon.pcn.club/thumb-290,https://pcn-club.github.io/pcn_kids_procon/procon2022/thumb/290.png
291,小さい子供でも怖がらずに体温測定＆管理できるシステム,https://procon.pcn.club/thumb-291,https://pcn-club.github.io/pcn_kids_procon/procon2022/thumb/291.png
292,筆跡鑑定アプリ,https://procon.pcn.club/thumb-292,https://pcn-club.github.io/pcn_kids_procon/procon2022/thumb/292.png
293,ヌスット & スモーキィ,https://procon.pcn.club/thumb-293,https://pcn-club.github.io/pcn_kids_procon/procon2022/thumb/293.png
